[
{
"id": "1",
"name": "What's your name?",
"number": "2",
"description": "",
"book_id": "1",
"created_at": "2016-10-13 07:47:32 UTC",
"updated_at": "2016-10-13 07:47:32 UTC"
},
{
"id": "2",
"name": "This is Tony",
"number": "3",
"description": "",
"book_id": "1",
"created_at": "2016-10-13 07:47:32 UTC",
"updated_at": "2016-10-13 07:47:32 UTC"
},
{
"id": "3",
"name": "How old are you?",
"number": "4",
"description": "",
"book_id": "1",
"created_at": "2016-10-13 07:47:32 UTC",
"updated_at": "2016-10-13 07:47:32 UTC"
},
{
"id": "4",
"name": "Are they your friends?",
"number": "5",
"description": "",
"book_id": "1",
"created_at": "2016-10-13 07:47:32 UTC",
"updated_at": "2016-10-13 07:47:32 UTC"
},
{
"id": "5",
"name": "Stand up!",
"number": "6",
"description": "",
"book_id": "1",
"created_at": "2016-10-13 07:47:32 UTC",
"updated_at": "2016-10-13 07:47:32 UTC"
},
{
"id": "6",
"name": "That's my school",
"number": "7",
"description": "",
"book_id": "1",
"created_at": "2016-10-13 07:47:32 UTC",
"updated_at": "2016-10-13 07:47:32 UTC"
},
{
"id": "7",
"name": "This is my pen",
"number": "8",
"description": "",
"book_id": "1",
"created_at": "2016-10-13 07:47:32 UTC",
"updated_at": "2016-10-13 07:47:32 UTC"
},
{
"id": "8",
"name": "What colour is it?",
"number": "9",
"description": "",
"book_id": "1",
"created_at": "2016-10-13 07:47:32 UTC",
"updated_at": "2016-10-13 07:47:32 UTC"
},
{
"id": "9",
"name": "What do you do at break time?",
"number": "10",
"description": "",
"book_id": "1",
"created_at": "2016-10-13 07:47:32 UTC",
"updated_at": "2016-10-13 07:47:32 UTC"
},

{
"id": "15",
"name": "This is my family",
"number": "11",
"description": "",
"book_id": "2",
"created_at": "2016-10-13 07:47:32 UTC",
"updated_at": "2016-10-13 07:47:32 UTC"
},
{
"id": "16",
"name": "This is my house",
"number": "12",
"description": "",
"book_id": "2",
"created_at": "2016-10-13 07:47:32 UTC",
"updated_at": "2016-10-13 07:47:32 UTC"
},
{
"id": "17",
"name": "Where's my book?",
"number": "13",
"description": "",
"book_id": "2",
"created_at": "2016-10-13 07:47:32 UTC",
"updated_at": "2016-10-13 07:47:32 UTC"
},
{
"id": "18",
"name": "Are there any posters in the room?",
"number": "14",
"description": "",
"book_id": "2",
"created_at": "2016-10-13 07:47:33 UTC",
"updated_at": "2016-10-13 07:47:33 UTC"
},
{
"id": "19",
"name": "Do you have any toys?",
"number": "15",
"description": "",
"book_id": "2",
"created_at": "2016-10-13 07:47:33 UTC",
"updated_at": "2016-10-13 07:47:33 UTC"
},
{
"id": "20",
"name": "Do you have any pets?",
"number": "16",
"description": "",
"book_id": "2",
"created_at": "2016-10-13 07:47:33 UTC",
"updated_at": "2016-10-13 07:47:33 UTC"
},
{
"id": "21",
"name": "What toys do you like?",
"number": "17",
"description": "",
"book_id": "2",
"created_at": "2016-10-13 07:47:33 UTC",
"updated_at": "2016-10-13 07:47:33 UTC"
},
{
"id": "22",
"name": "What are you doing?",
"number": "18",
"description": "",
"book_id": "2",
"created_at": "2016-10-13 07:47:33 UTC",
"updated_at": "2016-10-13 07:47:33 UTC"
},
{
"id": "23",
"name": "They're in the park",
"number": "19",
"description": "",
"book_id": "2",
"created_at": "2016-10-13 07:47:33 UTC",
"updated_at": "2016-10-13 07:47:33 UTC"
},
{
"id": "24",
"name": "Where's Sa Pa?",
"number": "20",
"description": "",
"book_id": "2",
"created_at": "2016-10-13 07:47:33 UTC",
"updated_at": "2016-10-13 07:47:33 UTC"
},

{
"id": "29",
"name": "Nice to see you again",
"number": "1",
"description": "",
"book_id": "3",
"created_at": "2016-10-13 07:47:33 UTC",
"updated_at": "2016-10-13 07:47:33 UTC"
},
{
"id": "30",
"name": "I'm from Japan",
"number": "2",
"description": "",
"book_id": "3",
"created_at": "2016-10-13 07:47:33 UTC",
"updated_at": "2016-10-13 07:47:33 UTC"
},
{
"id": "31",
"name": "What day is it today?",
"number": "3",
"description": "",
"book_id": "3",
"created_at": "2016-10-13 07:47:33 UTC",
"updated_at": "2016-10-13 07:47:33 UTC"
},
{
"id": "32",
"name": "When's your birthday?",
"number": "4",
"description": "",
"book_id": "3",
"created_at": "2016-10-13 07:47:33 UTC",
"updated_at": "2016-10-13 07:47:33 UTC"
},
{
"id": "33",
"name": "Can you swim?",
"number": "5",
"description": "",
"book_id": "3",
"created_at": "2016-10-13 07:47:33 UTC",
"updated_at": "2016-10-13 07:47:33 UTC"
},
{
"id": "34",
"name": "Where's your school?",
"number": "6",
"description": "",
"book_id": "3",
"created_at": "2016-10-13 07:47:33 UTC",
"updated_at": "2016-10-13 07:47:33 UTC"
},
{
"id": "35",
"name": "What do you like doing?",
"number": "7",
"description": "",
"book_id": "3",
"created_at": "2016-10-13 07:47:33 UTC",
"updated_at": "2016-10-13 07:47:33 UTC"
},
{
"id": "36",
"name": "What subjects do you have today?",
"number": "8",
"description": "",
"book_id": "3",
"created_at": "2016-10-13 07:47:33 UTC",
"updated_at": "2016-10-13 07:47:33 UTC"
},
{
"id": "37",
"name": "What are they doing?",
"number": "9",
"description": "",
"book_id": "3",
"created_at": "2016-10-13 07:47:33 UTC",
"updated_at": "2016-10-13 07:47:33 UTC"
},
{
"id": "38",
"name": "Where were you yesterday?",
"number": "10",
"description": "",
"book_id": "3",
"created_at": "2016-10-13 07:47:33 UTC",
"updated_at": "2016-10-13 07:47:33 UTC"
},

{
"id": "43",
"name": "What time is it?",
"number": "11",
"description": "",
"book_id": "4",
"created_at": "2016-10-13 07:47:34 UTC",
"updated_at": "2016-10-13 07:47:34 UTC"
},
{
"id": "44",
"name": "What does your father do?",
"number": "12",
"description": "",
"book_id": "4",
"created_at": "2016-10-13 07:47:34 UTC",
"updated_at": "2016-10-13 07:47:34 UTC"
},
{
"id": "45",
"name": "Would you like some milk?",
"number": "13",
"description": "",
"book_id": "4",
"created_at": "2016-10-13 07:47:34 UTC",
"updated_at": "2016-10-13 07:47:34 UTC"
},
{
"id": "46",
"name": "What does he look like?",
"number": "14",
"description": "",
"book_id": "4",
"created_at": "2016-10-13 07:47:34 UTC",
"updated_at": "2016-10-13 07:47:34 UTC"
},
{
"id": "47",
"name": "When's Children's Day?",
"number": "15",
"description": "",
"book_id": "4",
"created_at": "2016-10-13 07:47:34 UTC",
"updated_at": "2016-10-13 07:47:34 UTC"
},
{
"id": "48",
"name": "Let's go to the bookshop",
"number": "16",
"description": "",
"book_id": "4",
"created_at": "2016-10-13 07:47:34 UTC",
"updated_at": "2016-10-13 07:47:34 UTC"
},
{
"id": "49",
"name": "How much is the T-shirt?",
"number": "17",
"description": "",
"book_id": "4",
"created_at": "2016-10-13 07:47:34 UTC",
"updated_at": "2016-10-13 07:47:34 UTC"
},
{
"id": "50",
"name": "What's your phone number?",
"number": "18",
"description": "",
"book_id": "4",
"created_at": "2016-10-13 07:47:34 UTC",
"updated_at": "2016-10-13 07:47:34 UTC"
},
{
"id": "51",
"name": "What animal do you want to see?",
"number": "19",
"description": "",
"book_id": "4",
"created_at": "2016-10-13 07:47:34 UTC",
"updated_at": "2016-10-13 07:47:34 UTC"
},
{
"id": "52",
"name": "What are you going to do this summer?",
"number": "20",
"description": "",
"book_id": "4",
"created_at": "2016-10-13 07:47:34 UTC",
"updated_at": "2016-10-13 07:47:34 UTC"
},

{
"id": "57",
"name": "Hello",
"number": "1",
"description": "",
"book_id": "5",
"created_at": "2016-10-13 07:47:34 UTC",
"updated_at": "2016-10-13 07:47:34 UTC"
},
{
"id": "58",
"name": "What's your name?",
"number": "2",
"description": "",
"book_id": "5",
"created_at": "2016-10-13 07:47:34 UTC",
"updated_at": "2016-10-13 07:47:34 UTC"
},
{
"id": "59",
"name": "This is Tony",
"number": "3",
"description": "",
"book_id": "5",
"created_at": "2016-10-13 07:47:34 UTC",
"updated_at": "2016-10-13 07:47:34 UTC"
},
{
"id": "60",
"name": "How old are you?",
"number": "4",
"description": "",
"book_id": "5",
"created_at": "2016-10-13 07:47:34 UTC",
"updated_at": "2016-10-13 07:47:34 UTC"
},
{
"id": "61",
"name": "Are they your friends?",
"number": "5",
"description": "",
"book_id": "5",
"created_at": "2016-10-13 07:47:34 UTC",
"updated_at": "2016-10-13 07:47:34 UTC"
},
{
"id": "62",
"name": "That's my school",
"number": "7",
"description": "",
"book_id": "5",
"created_at": "2016-10-13 07:47:34 UTC",
"updated_at": "2016-10-13 07:47:34 UTC"
},
{
"id": "63",
"name": "This is my pen",
"number": "8",
"description": "",
"book_id": "5",
"created_at": "2016-10-13 07:47:34 UTC",
"updated_at": "2016-10-13 07:47:34 UTC"
},
{
"id": "64",
"name": "What colour is it?",
"number": "9",
"description": "",
"book_id": "5",
"created_at": "2016-10-13 07:47:34 UTC",
"updated_at": "2016-10-13 07:47:34 UTC"
},
{
"id": "65",
"name": "This is my family",
"number": "11",
"description": "",
"book_id": "5",
"created_at": "2016-10-13 07:47:35 UTC",
"updated_at": "2016-10-13 07:47:35 UTC"
},
{
"id": "66",
"name": "This is my house",
"number": "12",
"description": "",
"book_id": "5",
"created_at": "2016-10-13 07:47:35 UTC",
"updated_at": "2016-10-13 07:47:35 UTC"
},
{
"id": "67",
"name": "Where's my book?",
"number": "13",
"description": "",
"book_id": "5",
"created_at": "2016-10-13 07:47:35 UTC",
"updated_at": "2016-10-13 07:47:35 UTC"
},
{
"id": "68",
"name": "Are there any posters in the room?",
"number": "14",
"description": "",
"book_id": "5",
"created_at": "2016-10-13 07:47:35 UTC",
"updated_at": "2016-10-13 07:47:35 UTC"
},
{
"id": "69",
"name": "Do you have any toys?",
"number": "15",
"description": "",
"book_id": "5",
"created_at": "2016-10-13 07:47:35 UTC",
"updated_at": "2016-10-13 07:47:35 UTC"
},
{
"id": "70",
"name": "What toys do you like?",
"number": "17",
"description": "",
"book_id": "5",
"created_at": "2016-10-13 07:47:35 UTC",
"updated_at": "2016-10-13 07:47:35 UTC"
},
{
"id": "71",
"name": "What are you doing?",
"number": "18",
"description": "",
"book_id": "5",
"created_at": "2016-10-13 07:47:35 UTC",
"updated_at": "2016-10-13 07:47:35 UTC"
},
{
"id": "72",
"name": "Stand up!",
"number": "6",
"description": "",
"book_id": "5",
"created_at": "2016-10-13 07:47:35 UTC",
"updated_at": "2016-10-13 07:47:35 UTC"
},
{
"id": "73",
"name": "What do you do at break time?",
"number": "10",
"description": "",
"book_id": "5",
"created_at": "2016-10-13 07:47:35 UTC",
"updated_at": "2016-10-13 07:47:35 UTC"
},
{
"id": "74",
"name": "They're in the park",
"number": "19",
"description": "",
"book_id": "5",
"created_at": "2016-10-13 07:47:35 UTC",
"updated_at": "2016-10-13 07:47:35 UTC"
},
{
"id": "75",
"name": "Where's Sa Pa?",
"number": "20",
"description": "",
"book_id": "5",
"created_at": "2016-10-13 07:47:35 UTC",
"updated_at": "2016-10-13 07:47:35 UTC"
},
{
"id": "76",
"name": "Do you have any pets?",
"number": "16",
"description": "",
"book_id": "5",
"created_at": "2016-10-13 07:47:35 UTC",
"updated_at": "2016-10-13 07:47:35 UTC"
},
{
"id": "77",
"name": "Nice to see you again",
"number": "1",
"description": "",
"book_id": "6",
"created_at": "2016-10-13 07:47:35 UTC",
"updated_at": "2016-10-13 07:47:35 UTC"
},
{
"id": "78",
"name": "Where's your school?",
"number": "6",
"description": "",
"book_id": "6",
"created_at": "2016-10-13 07:47:35 UTC",
"updated_at": "2016-10-13 07:47:35 UTC"
},
{
"id": "79",
"name": "What are they doing?",
"number": "9",
"description": "",
"book_id": "6",
"created_at": "2016-10-13 07:47:35 UTC",
"updated_at": "2016-10-13 07:47:35 UTC"
},
{
"id": "80",
"name": "When's Children's Day?",
"number": "15",
"description": "",
"book_id": "6",
"created_at": "2016-10-13 07:47:35 UTC",
"updated_at": "2016-10-13 07:47:35 UTC"
},
{
"id": "81",
"name": "Let's go to the bookshop",
"number": "16",
"description": "",
"book_id": "6",
"created_at": "2016-10-13 07:47:35 UTC",
"updated_at": "2016-10-13 07:47:35 UTC"
},
{
"id": "82",
"name": "What are you going to do this summer?",
"number": "20",
"description": "",
"book_id": "6",
"created_at": "2016-10-13 07:47:35 UTC",
"updated_at": "2016-10-13 07:47:35 UTC"
},
{
"id": "83",
"name": "What do you like doing?",
"number": "7",
"description": "",
"book_id": "6",
"created_at": "2016-10-13 07:47:35 UTC",
"updated_at": "2016-10-13 07:47:35 UTC"
},
{
"id": "84",
"name": "What subjects do you have today?",
"number": "8",
"description": "",
"book_id": "6",
"created_at": "2016-10-13 07:47:35 UTC",
"updated_at": "2016-10-13 07:47:35 UTC"
},
{
"id": "85",
"name": "Where were you yesterday?",
"number": "10",
"description": "",
"book_id": "6",
"created_at": "2016-10-13 07:47:35 UTC",
"updated_at": "2016-10-13 07:47:35 UTC"
},
{
"id": "86",
"name": "What time is it?",
"number": "11",
"description": "",
"book_id": "6",
"created_at": "2016-10-13 07:47:35 UTC",
"updated_at": "2016-10-13 07:47:35 UTC"
},
{
"id": "87",
"name": "Would you like some milk?",
"number": "13",
"description": "",
"book_id": "6",
"created_at": "2016-10-13 07:47:35 UTC",
"updated_at": "2016-10-13 07:47:35 UTC"
},
{
"id": "88",
"name": "What does he look like?",
"number": "14",
"description": "",
"book_id": "6",
"created_at": "2016-10-13 07:47:35 UTC",
"updated_at": "2016-10-13 07:47:35 UTC"
},
{
"id": "89",
"name": "I'm from Japan",
"number": "2",
"description": "",
"book_id": "6",
"created_at": "2016-10-13 07:47:35 UTC",
"updated_at": "2016-10-13 07:47:35 UTC"
},
{
"id": "90",
"name": "What does your father do?",
"number": "12",
"description": "",
"book_id": "6",
"created_at": "2016-10-13 07:47:36 UTC",
"updated_at": "2016-10-13 07:47:36 UTC"
},
{
"id": "91",
"name": "How much is the T-shirt?",
"number": "17",
"description": "",
"book_id": "6",
"created_at": "2016-10-13 07:47:36 UTC",
"updated_at": "2016-10-13 07:47:36 UTC"
},
{
"id": "92",
"name": "What's your phone number?",
"number": "18",
"description": "",
"book_id": "6",
"created_at": "2016-10-13 07:47:36 UTC",
"updated_at": "2016-10-13 07:47:36 UTC"
},
{
"id": "93",
"name": "What day is it today?",
"number": "3",
"description": "",
"book_id": "6",
"created_at": "2016-10-13 07:47:36 UTC",
"updated_at": "2016-10-13 07:47:36 UTC"
},
{
"id": "94",
"name": "When's your birthday?",
"number": "4",
"description": "",
"book_id": "6",
"created_at": "2016-10-13 07:47:36 UTC",
"updated_at": "2016-10-13 07:47:36 UTC"
},
{
"id": "95",
"name": "Can you swim?",
"number": "5",
"description": "",
"book_id": "6",
"created_at": "2016-10-13 07:47:36 UTC",
"updated_at": "2016-10-13 07:47:36 UTC"
},
{
"id": "96",
"name": "What animal do you want to see?",
"number": "19",
"description": "",
"book_id": "6",
"created_at": "2016-10-13 07:47:36 UTC",
"updated_at": "2016-10-13 07:47:36 UTC"
},
{
"id": "97",
"name": "MY NEW SCHOOL",
"number": "1",
"description": "",
"book_id": "7",
"created_at": "2016-10-13 07:47:36 UTC",
"updated_at": "2016-10-13 07:47:36 UTC"
},
{
"id": "98",
"name": "MY HOME",
"number": "2",
"description": "",
"book_id": "7",
"created_at": "2016-10-13 07:47:36 UTC",
"updated_at": "2016-10-13 07:47:36 UTC"
},
{
"id": "99",
"name": "MY FRIENDS",
"number": "3",
"description": "",
"book_id": "7",
"created_at": "2016-10-13 07:47:36 UTC",
"updated_at": "2016-10-13 07:47:36 UTC"
},
{
"id": "100",
"name": "MY NEIGHBOURHOOD",
"number": "4",
"description": "",
"book_id": "7",
"created_at": "2016-10-13 07:47:36 UTC",
"updated_at": "2016-10-13 07:47:36 UTC"
},
{
"id": "101",
"name": "NATURAL WONDERS OF THE WORLD",
"number": "5",
"description": "",
"book_id": "7",
"created_at": "2016-10-13 07:47:36 UTC",
"updated_at": "2016-10-13 07:47:36 UTC"
},
{
"id": "102",
"name": "OUR TET HOLIDAY",
"number": "6",
"description": "",
"book_id": "7",
"created_at": "2016-10-13 07:47:36 UTC",
"updated_at": "2016-10-13 07:47:36 UTC"
},
{
"id": "103",
"name": "",
"number": "1",
"description": "",
"book_id": "7",
"created_at": "2016-10-13 07:47:36 UTC",
"updated_at": "2016-10-13 07:47:36 UTC"
},
{
"id": "104",
"name": "",
"number": "2",
"description": "",
"book_id": "7",
"created_at": "2016-10-13 07:47:36 UTC",
"updated_at": "2016-10-13 07:47:36 UTC"
},
{
"id": "105",
"name": "TELEVISION",
"number": "7",
"description": "",
"book_id": "8",
"created_at": "2016-10-13 07:47:36 UTC",
"updated_at": "2016-10-13 07:47:36 UTC"
},
{
"id": "106",
"name": "SPORTS AND GAMES",
"number": "8",
"description": "",
"book_id": "8",
"created_at": "2016-10-13 07:47:36 UTC",
"updated_at": "2016-10-13 07:47:36 UTC"
},
{
"id": "107",
"name": "CITIES OF THE WORLD",
"number": "9",
"description": "",
"book_id": "8",
"created_at": "2016-10-13 07:47:37 UTC",
"updated_at": "2016-10-13 07:47:37 UTC"
},
{
"id": "108",
"name": "OUR HOUSES IN THE FUTURE",
"number": "10",
"description": "",
"book_id": "8",
"created_at": "2016-10-13 07:47:37 UTC",
"updated_at": "2016-10-13 07:47:37 UTC"
},
{
"id": "109",
"name": "OUR GREENER WORLD",
"number": "11",
"description": "",
"book_id": "8",
"created_at": "2016-10-13 07:47:37 UTC",
"updated_at": "2016-10-13 07:47:37 UTC"
},
{
"id": "110",
"name": "ROBOTS",
"number": "12",
"description": "",
"book_id": "8",
"created_at": "2016-10-13 07:47:37 UTC",
"updated_at": "2016-10-13 07:47:37 UTC"
},
{
"id": "111",
"name": "",
"number": "3",
"description": "",
"book_id": "8",
"created_at": "2016-10-13 07:47:37 UTC",
"updated_at": "2016-10-13 07:47:37 UTC"
},
{
"id": "112",
"name": "",
"number": "4",
"description": "",
"book_id": "8",
"created_at": "2016-10-13 07:47:37 UTC",
"updated_at": "2016-10-13 07:47:37 UTC"
},
{
"id": "113",
"name": "MY NEW SCHOOL",
"number": "1",
"description": "",
"book_id": "9",
"created_at": "2016-10-13 07:47:37 UTC",
"updated_at": "2016-10-13 07:47:37 UTC"
},
{
"id": "114",
"name": "MY HOME",
"number": "2",
"description": "",
"book_id": "9",
"created_at": "2016-10-13 07:47:37 UTC",
"updated_at": "2016-10-13 07:47:37 UTC"
},
{
"id": "115",
"name": "1",
"number": "YOURSELF",
"description": "",
"book_id": "9",
"created_at": "2016-10-13 07:47:37 UTC",
"updated_at": "2016-10-13 07:47:37 UTC"
},
{
"id": "116",
"name": "MY NEIGHBOURHOOD",
"number": "4",
"description": "",
"book_id": "9",
"created_at": "2016-10-13 07:47:37 UTC",
"updated_at": "2016-10-13 07:47:37 UTC"
},
{
"id": "117",
"name": "NATURAL WONDERS OF THE WORLD",
"number": "5",
"description": "",
"book_id": "9",
"created_at": "2016-10-13 07:47:37 UTC",
"updated_at": "2016-10-13 07:47:37 UTC"
},
{
"id": "118",
"name": "OUR TET HOLIDAY",
"number": "6",
"description": "",
"book_id": "9",
"created_at": "2016-10-13 07:47:37 UTC",
"updated_at": "2016-10-13 07:47:37 UTC"
},
{
"id": "119",
"name": "2",
"number": "YOURSELF",
"description": "",
"book_id": "9",
"created_at": "2016-10-13 07:47:37 UTC",
"updated_at": "2016-10-13 07:47:37 UTC"
},
{
"id": "120",
"name": "MY FRIENDS",
"number": "3",
"description": "",
"book_id": "9",
"created_at": "2016-10-13 07:47:37 UTC",
"updated_at": "2016-10-13 07:47:37 UTC"
},
{
"id": "121",
"name": "TELEVISION",
"number": "7",
"description": "",
"book_id": "10",
"created_at": "2016-10-13 07:47:37 UTC",
"updated_at": "2016-10-13 07:47:37 UTC"
},
{
"id": "122",
"name": "SPORTS AND GAMES",
"number": "8",
"description": "",
"book_id": "10",
"created_at": "2016-10-13 07:47:37 UTC",
"updated_at": "2016-10-13 07:47:37 UTC"
},
{
"id": "123",
"name": "CITIES OF THE WORLD",
"number": "9",
"description": "",
"book_id": "10",
"created_at": "2016-10-13 07:47:37 UTC",
"updated_at": "2016-10-13 07:47:37 UTC"
},
{
"id": "124",
"name": "3",
"number": "YOURSELF",
"description": "",
"book_id": "10",
"created_at": "2016-10-13 07:47:37 UTC",
"updated_at": "2016-10-13 07:47:37 UTC"
},
{
"id": "125",
"name": "OUR HOUSES IN THE FUTURE",
"number": "10",
"description": "",
"book_id": "10",
"created_at": "2016-10-13 07:47:37 UTC",
"updated_at": "2016-10-13 07:47:37 UTC"
},
{
"id": "126",
"name": "OUR GREENER WORLD",
"number": "11",
"description": "",
"book_id": "10",
"created_at": "2016-10-13 07:47:37 UTC",
"updated_at": "2016-10-13 07:47:37 UTC"
},
{
"id": "127",
"name": "ROBOTS",
"number": "12",
"description": "",
"book_id": "10",
"created_at": "2016-10-13 07:47:37 UTC",
"updated_at": "2016-10-13 07:47:37 UTC"
},
{
"id": "128",
"name": "4",
"number": "YOURSELF",
"description": "",
"book_id": "10",
"created_at": "2016-10-13 07:47:37 UTC",
"updated_at": "2016-10-13 07:47:37 UTC"
},
{
"id": "129",
"name": "MY HOBBIES",
"number": "1",
"description": "",
"book_id": "11",
"created_at": "2016-10-13 07:47:37 UTC",
"updated_at": "2016-10-13 07:47:37 UTC"
},
{
"id": "130",
"name": "HEALTH",
"number": "2",
"description": "",
"book_id": "11",
"created_at": "2016-10-13 07:47:37 UTC",
"updated_at": "2016-10-13 07:47:37 UTC"
},
{
"id": "131",
"name": "COMMUNITY SERVICE",
"number": "3",
"description": "",
"book_id": "11",
"created_at": "2016-10-13 07:47:38 UTC",
"updated_at": "2016-10-13 07:47:38 UTC"
},
{
"id": "132",
"name": "MUSIC AND ARTS",
"number": "4",
"description": "",
"book_id": "11",
"created_at": "2016-10-13 07:47:38 UTC",
"updated_at": "2016-10-13 07:47:38 UTC"
},
{
"id": "133",
"name": "VIETNAMESE FOOD AND DRINK",
"number": "5",
"description": "",
"book_id": "11",
"created_at": "2016-10-13 07:47:38 UTC",
"updated_at": "2016-10-13 07:47:38 UTC"
},
{
"id": "134",
"name": "THE FIRST UNIVERSITY IN VIET NAM",
"number": "6",
"description": "",
"book_id": "11",
"created_at": "2016-10-13 07:47:38 UTC",
"updated_at": "2016-10-13 07:47:38 UTC"
},
{
"id": "135",
"name": "",
"number": "1",
"description": "",
"book_id": "11",
"created_at": "2016-10-13 07:47:38 UTC",
"updated_at": "2016-10-13 07:47:38 UTC"
},
{
"id": "136",
"name": "",
"number": "2",
"description": "",
"book_id": "11",
"created_at": "2016-10-13 07:47:38 UTC",
"updated_at": "2016-10-13 07:47:38 UTC"
},
{
"id": "137",
"name": "TRAFFIC",
"number": "7",
"description": "",
"book_id": "12",
"created_at": "2016-10-13 07:47:38 UTC",
"updated_at": "2016-10-13 07:47:38 UTC"
},
{
"id": "138",
"name": "FILMS",
"number": "8",
"description": "",
"book_id": "12",
"created_at": "2016-10-13 07:47:38 UTC",
"updated_at": "2016-10-13 07:47:38 UTC"
},
{
"id": "139",
"name": "FESTIVALS AROUND THE WORLD",
"number": "9",
"description": "",
"book_id": "12",
"created_at": "2016-10-13 07:47:38 UTC",
"updated_at": "2016-10-13 07:47:38 UTC"
},
{
"id": "140",
"name": "SOURCES OF ENERGY",
"number": "10",
"description": "",
"book_id": "12",
"created_at": "2016-10-13 07:47:38 UTC",
"updated_at": "2016-10-13 07:47:38 UTC"
},
{
"id": "141",
"name": "TRAVELLING IN THE FUTURE",
"number": "11",
"description": "",
"book_id": "12",
"created_at": "2016-10-13 07:47:38 UTC",
"updated_at": "2016-10-13 07:47:38 UTC"
},
{
"id": "142",
"name": "AN OVERCROWDED WORLD",
"number": "12",
"description": "",
"book_id": "12",
"created_at": "2016-10-13 07:47:38 UTC",
"updated_at": "2016-10-13 07:47:38 UTC"
},
{
"id": "143",
"name": "",
"number": "3",
"description": "",
"book_id": "12",
"created_at": "2016-10-13 07:47:38 UTC",
"updated_at": "2016-10-13 07:47:38 UTC"
},
{
"id": "144",
"name": "",
"number": "4",
"description": "",
"book_id": "12",
"created_at": "2016-10-13 07:47:38 UTC",
"updated_at": "2016-10-13 07:47:38 UTC"
},
{
"id": "145",
"name": "MY HOBBIES",
"number": "1",
"description": "",
"book_id": "13",
"created_at": "2016-10-13 07:47:38 UTC",
"updated_at": "2016-10-13 07:47:38 UTC"
},
{
"id": "146",
"name": "HEALTH",
"number": "2",
"description": "",
"book_id": "13",
"created_at": "2016-10-13 07:47:38 UTC",
"updated_at": "2016-10-13 07:47:38 UTC"
},
{
"id": "147",
"name": "1",
"number": "YOURSELF",
"description": "",
"book_id": "13",
"created_at": "2016-10-13 07:47:38 UTC",
"updated_at": "2016-10-13 07:47:38 UTC"
},
{
"id": "148",
"name": "MUSIC AND ARTS",
"number": "4",
"description": "",
"book_id": "13",
"created_at": "2016-10-13 07:47:38 UTC",
"updated_at": "2016-10-13 07:47:38 UTC"
},
{
"id": "149",
"name": "VIETNAMESE FOOD AND DRINK",
"number": "5",
"description": "",
"book_id": "13",
"created_at": "2016-10-13 07:47:38 UTC",
"updated_at": "2016-10-13 07:47:38 UTC"
},
{
"id": "150",
"name": "THE FIRST UNIVERSITY IN VIET NAM",
"number": "6",
"description": "",
"book_id": "13",
"created_at": "2016-10-13 07:47:38 UTC",
"updated_at": "2016-10-13 07:47:38 UTC"
},
{
"id": "151",
"name": "2",
"number": "YOURSELF",
"description": "",
"book_id": "13",
"created_at": "2016-10-13 07:47:38 UTC",
"updated_at": "2016-10-13 07:47:38 UTC"
},
{
"id": "152",
"name": "COMMUNITY SERVICE",
"number": "3",
"description": "",
"book_id": "13",
"created_at": "2016-10-13 07:47:38 UTC",
"updated_at": "2016-10-13 07:47:38 UTC"
},
{
"id": "153",
"name": "TRAFFIC",
"number": "7",
"description": "",
"book_id": "14",
"created_at": "2016-10-13 07:47:38 UTC",
"updated_at": "2016-10-13 07:47:38 UTC"
},
{
"id": "154",
"name": "FILMS",
"number": "8",
"description": "",
"book_id": "14",
"created_at": "2016-10-13 07:47:39 UTC",
"updated_at": "2016-10-13 07:47:39 UTC"
},
{
"id": "155",
"name": "FESTIVALS AROUND THE WORLD",
"number": "9",
"description": "",
"book_id": "14",
"created_at": "2016-10-13 07:47:39 UTC",
"updated_at": "2016-10-13 07:47:39 UTC"
},
{
"id": "156",
"name": "3",
"number": "YOURSELF",
"description": "",
"book_id": "14",
"created_at": "2016-10-13 07:47:39 UTC",
"updated_at": "2016-10-13 07:47:39 UTC"
},
{
"id": "157",
"name": "SOURCES OF ENERGY",
"number": "10",
"description": "",
"book_id": "14",
"created_at": "2016-10-13 07:47:39 UTC",
"updated_at": "2016-10-13 07:47:39 UTC"
},
{
"id": "158",
"name": "TRAVELLING IN THE FUTURE",
"number": "11",
"description": "",
"book_id": "14",
"created_at": "2016-10-13 07:47:39 UTC",
"updated_at": "2016-10-13 07:47:39 UTC"
},
{
"id": "159",
"name": "AN OVERCROWDED WORLD",
"number": "12",
"description": "",
"book_id": "14",
"created_at": "2016-10-13 07:47:39 UTC",
"updated_at": "2016-10-13 07:47:39 UTC"
},
{
"id": "160",
"name": "4",
"number": "YOURSELF",
"description": "",
"book_id": "14",
"created_at": "2016-10-13 07:47:39 UTC",
"updated_at": "2016-10-13 07:47:39 UTC"
},
{
"id": "161",
"name": "LEISURE ACTIVITIES",
"number": "1",
"description": "",
"book_id": "15",
"created_at": "2016-10-13 07:47:39 UTC",
"updated_at": "2016-10-13 07:47:39 UTC"
},
{
"id": "162",
"name": "LIFE IN THE COUNTRYSIDE",
"number": "2",
"description": "",
"book_id": "15",
"created_at": "2016-10-13 07:47:39 UTC",
"updated_at": "2016-10-13 07:47:39 UTC"
},
{
"id": "163",
"name": "PEOPLES OF VIET NAM",
"number": "3",
"description": "",
"book_id": "15",
"created_at": "2016-10-13 07:47:39 UTC",
"updated_at": "2016-10-13 07:47:39 UTC"
},
{
"id": "164",
"name": "OUR CUSTOMS AND TRADITIONS",
"number": "4",
"description": "",
"book_id": "15",
"created_at": "2016-10-13 07:47:39 UTC",
"updated_at": "2016-10-13 07:47:39 UTC"
},
{
"id": "165",
"name": "FESTIVALS IN VIET NAM",
"number": "5",
"description": "",
"book_id": "15",
"created_at": "2016-10-13 07:47:39 UTC",
"updated_at": "2016-10-13 07:47:39 UTC"
},
{
"id": "166",
"name": "FOLK TALES",
"number": "6",
"description": "",
"book_id": "15",
"created_at": "2016-10-13 07:47:39 UTC",
"updated_at": "2016-10-13 07:47:39 UTC"
},
{
"id": "167",
"name": "",
"number": "1",
"description": "",
"book_id": "15",
"created_at": "2016-10-13 07:47:39 UTC",
"updated_at": "2016-10-13 07:47:39 UTC"
},
{
"id": "168",
"name": "",
"number": "2",
"description": "",
"book_id": "15",
"created_at": "2016-10-13 07:47:39 UTC",
"updated_at": "2016-10-13 07:47:39 UTC"
},
{
"id": "169",
"name": "POLLUTION",
"number": "7",
"description": "",
"book_id": "16",
"created_at": "2016-10-13 07:47:39 UTC",
"updated_at": "2016-10-13 07:47:39 UTC"
},
{
"id": "170",
"name": "ENGLISH SPEAKING COUNTRIES",
"number": "8",
"description": "",
"book_id": "16",
"created_at": "2016-10-13 07:47:39 UTC",
"updated_at": "2016-10-13 07:47:39 UTC"
},
{
"id": "171",
"name": "NATURAL DISASTERS",
"number": "9",
"description": "",
"book_id": "16",
"created_at": "2016-10-13 07:47:39 UTC",
"updated_at": "2016-10-13 07:47:39 UTC"
},
{
"id": "172",
"name": "COMMUNICATION",
"number": "10",
"description": "",
"book_id": "16",
"created_at": "2016-10-13 07:47:39 UTC",
"updated_at": "2016-10-13 07:47:39 UTC"
},
{
"id": "173",
"name": "SCIENCE AND TECHNOLOGY",
"number": "11",
"description": "",
"book_id": "16",
"created_at": "2016-10-13 07:47:39 UTC",
"updated_at": "2016-10-13 07:47:39 UTC"
},
{
"id": "174",
"name": "LIFE ON OTHER PLANETS",
"number": "12",
"description": "",
"book_id": "16",
"created_at": "2016-10-13 07:47:39 UTC",
"updated_at": "2016-10-13 07:47:39 UTC"
},
{
"id": "175",
"name": "",
"number": "3",
"description": "",
"book_id": "16",
"created_at": "2016-10-13 07:47:39 UTC",
"updated_at": "2016-10-13 07:47:39 UTC"
},
{
"id": "176",
"name": "",
"number": "4",
"description": "",
"book_id": "16",
"created_at": "2016-10-13 07:47:40 UTC",
"updated_at": "2016-10-13 07:47:40 UTC"
},
{
"id": "177",
"name": "LEISURE ACTIVITIES",
"number": "1",
"description": "",
"book_id": "17",
"created_at": "2016-10-13 07:47:40 UTC",
"updated_at": "2016-10-13 07:47:40 UTC"
},
{
"id": "178",
"name": "LIFE IN THE COUNTRYSIDE",
"number": "2",
"description": "",
"book_id": "17",
"created_at": "2016-10-13 07:47:40 UTC",
"updated_at": "2016-10-13 07:47:40 UTC"
},
{
"id": "179",
"name": "PEOPLES OF VIET NAM",
"number": "3",
"description": "",
"book_id": "17",
"created_at": "2016-10-13 07:47:40 UTC",
"updated_at": "2016-10-13 07:47:40 UTC"
},
{
"id": "180",
"name": "1",
"number": "YOURSELF",
"description": "",
"book_id": "17",
"created_at": "2016-10-13 07:47:40 UTC",
"updated_at": "2016-10-13 07:47:40 UTC"
},
{
"id": "181",
"name": "OUR CUSTOMS AND TRADITIONS",
"number": "4",
"description": "",
"book_id": "17",
"created_at": "2016-10-13 07:47:40 UTC",
"updated_at": "2016-10-13 07:47:40 UTC"
},
{
"id": "182",
"name": "FESTIVALS IN VIET NAM",
"number": "5",
"description": "",
"book_id": "17",
"created_at": "2016-10-13 07:47:40 UTC",
"updated_at": "2016-10-13 07:47:40 UTC"
},
{
"id": "183",
"name": "FOLK TALES",
"number": "6",
"description": "",
"book_id": "17",
"created_at": "2016-10-13 07:47:40 UTC",
"updated_at": "2016-10-13 07:47:40 UTC"
},
{
"id": "184",
"name": "2",
"number": "YOURSELF",
"description": "",
"book_id": "17",
"created_at": "2016-10-13 07:47:40 UTC",
"updated_at": "2016-10-13 07:47:40 UTC"
},
{
"id": "185",
"name": "POLLUTION",
"number": "7",
"description": "",
"book_id": "18",
"created_at": "2016-10-13 07:47:40 UTC",
"updated_at": "2016-10-13 07:47:40 UTC"
},
{
"id": "186",
"name": "ENGLISH SPEAKING COUNTRIES",
"number": "8",
"description": "",
"book_id": "18",
"created_at": "2016-10-13 07:47:40 UTC",
"updated_at": "2016-10-13 07:47:40 UTC"
},
{
"id": "187",
"name": "NATURAL DISASTERS",
"number": "9",
"description": "",
"book_id": "18",
"created_at": "2016-10-13 07:47:40 UTC",
"updated_at": "2016-10-13 07:47:40 UTC"
},
{
"id": "188",
"name": "SCIENCE AND TECHNOLOGY",
"number": "11",
"description": "",
"book_id": "18",
"created_at": "2016-10-13 07:47:40 UTC",
"updated_at": "2016-10-13 07:47:40 UTC"
},
{
"id": "189",
"name": "4",
"number": "YOURSELF",
"description": "",
"book_id": "18",
"created_at": "2016-10-13 07:47:40 UTC",
"updated_at": "2016-10-13 07:47:40 UTC"
},
{
"id": "190",
"name": "3",
"number": "YOURSELF",
"description": "",
"book_id": "18",
"created_at": "2016-10-13 07:47:40 UTC",
"updated_at": "2016-10-13 07:47:40 UTC"
},
{
"id": "191",
"name": "COMMUNICATION",
"number": "10",
"description": "",
"book_id": "18",
"created_at": "2016-10-13 07:47:40 UTC",
"updated_at": "2016-10-13 07:47:40 UTC"
},
{
"id": "192",
"name": "LIFE ON OTHER PLANETS",
"number": "12",
"description": "",
"book_id": "18",
"created_at": "2016-10-13 07:47:40 UTC",
"updated_at": "2016-10-13 07:47:40 UTC"
},
{
"id": "193",
"name": "What’s your address?",
"number": "1",
"description": "",
"book_id": "19",
"created_at": "2016-10-13 07:47:40 UTC",
"updated_at": "2016-10-13 07:47:40 UTC"
},
{
"id": "194",
"name": "I always get up early. How about you?",
"number": "2",
"description": "",
"book_id": "19",
"created_at": "2016-10-13 07:47:40 UTC",
"updated_at": "2016-10-13 07:47:40 UTC"
},
{
"id": "195",
"name": "Where did you go on holiday?",
"number": "3",
"description": "",
"book_id": "19",
"created_at": "2016-10-13 07:47:40 UTC",
"updated_at": "2016-10-13 07:47:40 UTC"
},
{
"id": "196",
"name": "Did you go to the party?",
"number": "4",
"description": "",
"book_id": "19",
"created_at": "2016-10-13 07:47:40 UTC",
"updated_at": "2016-10-13 07:47:40 UTC"
},
{
"id": "197",
"name": "Where will you be this weekend?",
"number": "5",
"description": "",
"book_id": "19",
"created_at": "2016-10-13 07:47:40 UTC",
"updated_at": "2016-10-13 07:47:40 UTC"
},
{
"id": "201",
"name": "How do you learn English?",
"number": "7",
"description": "",
"book_id": "19",
"created_at": "2016-10-13 07:47:41 UTC",
"updated_at": "2016-10-13 07:47:41 UTC"
},
{
"id": "202",
"name": "What are you reading?",
"number": "8",
"description": "",
"book_id": "19",
"created_at": "2016-10-13 07:47:41 UTC",
"updated_at": "2016-10-13 07:47:41 UTC"
},
{
"id": "203",
"name": "What did you see at the zoo?",
"number": "9",
"description": "",
"book_id": "19",
"created_at": "2016-10-13 07:47:41 UTC",
"updated_at": "2016-10-13 07:47:41 UTC"
},
{
"id": "204",
"name": "When will Sports Day be?",
"number": "10",
"description": "",
"book_id": "19",
"created_at": "2016-10-13 07:47:41 UTC",
"updated_at": "2016-10-13 07:47:41 UTC"
},

{
"id": "207",
"name": "What’s the matter with you?",
"number": "11",
"description": "",
"book_id": "20",
"created_at": "2016-10-13 07:47:41 UTC",
"updated_at": "2016-10-13 07:47:41 UTC"
},
{
"id": "208",
"name": "Don’t ride your bike too fast!",
"number": "12",
"description": "",
"book_id": "20",
"created_at": "2016-10-13 07:47:41 UTC",
"updated_at": "2016-10-13 07:47:41 UTC"
},
{
"id": "209",
"name": "What do you do in your free time?",
"number": "13",
"description": "",
"book_id": "20",
"created_at": "2016-10-13 07:47:41 UTC",
"updated_at": "2016-10-13 07:47:41 UTC"
},
{
"id": "210",
"name": "What happened in the story?",
"number": "14",
"description": "",
"book_id": "20",
"created_at": "2016-10-13 07:47:41 UTC",
"updated_at": "2016-10-13 07:47:41 UTC"
},
{
"id": "211",
"name": "What would you like to be in the future?",
"number": "15",
"description": "",
"book_id": "20",
"created_at": "2016-10-13 07:47:41 UTC",
"updated_at": "2016-10-13 07:47:41 UTC"
},

{
"id": "214",
"name": "Where’s the post office?",
"number": "16",
"description": "",
"book_id": "20",
"created_at": "2016-10-13 07:47:41 UTC",
"updated_at": "2016-10-13 07:47:41 UTC"
},
{
"id": "215",
"name": "What would you like to eat?",
"number": "17",
"description": "",
"book_id": "20",
"created_at": "2016-10-13 07:47:41 UTC",
"updated_at": "2016-10-13 07:47:41 UTC"
},
{
"id": "216",
"name": "What will the weather be like tomorrow?",
"number": "18",
"description": "",
"book_id": "20",
"created_at": "2016-10-13 07:47:41 UTC",
"updated_at": "2016-10-13 07:47:41 UTC"
},
{
"id": "217",
"name": "Which place would you like to visit?",
"number": "19",
"description": "",
"book_id": "20",
"created_at": "2016-10-13 07:47:41 UTC",
"updated_at": "2016-10-13 07:47:41 UTC"
},
{
"id": "218",
"name": "Which one is more exciting, life in the city or life in the countryside?",
"number": "20",
"description": "",
"book_id": "20",
"created_at": "2016-10-13 07:47:41 UTC",
"updated_at": "2016-10-13 07:47:41 UTC"
},

{
"id": "221",
"name": "What’s your address?",
"number": "1",
"description": "",
"book_id": "21",
"created_at": "2016-10-13 07:47:42 UTC",
"updated_at": "2016-10-13 07:47:42 UTC"
},
{
"id": "222",
"name": "I always get up early. How about you?",
"number": "2",
"description": "",
"book_id": "21",
"created_at": "2016-10-13 07:47:42 UTC",
"updated_at": "2016-10-13 07:47:42 UTC"
},
{
"id": "223",
"name": "Where did you go on holiday?",
"number": "3",
"description": "",
"book_id": "21",
"created_at": "2016-10-13 07:47:42 UTC",
"updated_at": "2016-10-13 07:47:42 UTC"
},
{
"id": "224",
"name": "Did you go to the party?",
"number": "4",
"description": "",
"book_id": "21",
"created_at": "2016-10-13 07:47:42 UTC",
"updated_at": "2016-10-13 07:47:42 UTC"
},
{
"id": "225",
"name": "Where will you be this weekend?",
"number": "5",
"description": "",
"book_id": "21",
"created_at": "2016-10-13 07:47:42 UTC",
"updated_at": "2016-10-13 07:47:42 UTC"
},
{
"id": "226",
"name": "How many lessons do you have today?",
"number": "6",
"description": "",
"book_id": "21",
"created_at": "2016-10-13 07:47:42 UTC",
"updated_at": "2016-10-13 07:47:42 UTC"
},
{
"id": "227",
"name": "How do you learn English?",
"number": "7",
"description": "",
"book_id": "21",
"created_at": "2016-10-13 07:47:42 UTC",
"updated_at": "2016-10-13 07:47:42 UTC"
},
{
"id": "228",
"name": "What are you reading?",
"number": "8",
"description": "",
"book_id": "21",
"created_at": "2016-10-13 07:47:42 UTC",
"updated_at": "2016-10-13 07:47:42 UTC"
},
{
"id": "229",
"name": "What did you see at the zoo?",
"number": "9",
"description": "",
"book_id": "21",
"created_at": "2016-10-13 07:47:42 UTC",
"updated_at": "2016-10-13 07:47:42 UTC"
},
{
"id": "230",
"name": "When will Sports Day be?",
"number": "10",
"description": "",
"book_id": "21",
"created_at": "2016-10-13 07:47:42 UTC",
"updated_at": "2016-10-13 07:47:42 UTC"
},
{
"id": "231",
"name": "What’s the matter with you?",
"number": "11",
"description": "",
"book_id": "21",
"created_at": "2016-10-13 07:47:42 UTC",
"updated_at": "2016-10-13 07:47:42 UTC"
},
{
"id": "232",
"name": "Don’t ride your bike too fast!",
"number": "12",
"description": "",
"book_id": "21",
"created_at": "2016-10-13 07:47:42 UTC",
"updated_at": "2016-10-13 07:47:42 UTC"
},
{
"id": "233",
"name": "What do you do in your free time?",
"number": "13",
"description": "",
"book_id": "21",
"created_at": "2016-10-13 07:47:42 UTC",
"updated_at": "2016-10-13 07:47:42 UTC"
},
{
"id": "234",
"name": "What happened in the story?",
"number": "14",
"description": "",
"book_id": "21",
"created_at": "2016-10-13 07:47:42 UTC",
"updated_at": "2016-10-13 07:47:42 UTC"
},
{
"id": "235",
"name": "What would you like to be in the future?",
"number": "15",
"description": "",
"book_id": "21",
"created_at": "2016-10-13 07:47:42 UTC",
"updated_at": "2016-10-13 07:47:42 UTC"
},
{
"id": "236",
"name": "Where’s the post office?",
"number": "16",
"description": "",
"book_id": "21",
"created_at": "2016-10-13 07:47:42 UTC",
"updated_at": "2016-10-13 07:47:42 UTC"
},
{
"id": "237",
"name": "What would you like to eat?",
"number": "17",
"description": "",
"book_id": "21",
"created_at": "2016-10-13 07:47:42 UTC",
"updated_at": "2016-10-13 07:47:42 UTC"
},
{
"id": "238",
"name": "What will the weather be like tomorrow?",
"number": "18",
"description": "",
"book_id": "21",
"created_at": "2016-10-13 07:47:42 UTC",
"updated_at": "2016-10-13 07:47:42 UTC"
},
{
"id": "239",
"name": "Which place would you like to visit?",
"number": "19",
"description": "",
"book_id": "21",
"created_at": "2016-10-13 07:47:42 UTC",
"updated_at": "2016-10-13 07:47:42 UTC"
},
{
"id": "240",
"name": "Which one is more exciting, life in the city or life in the countryside?",
"number": "20",
"description": "",
"book_id": "21",
"created_at": "2016-10-13 07:47:42 UTC",
"updated_at": "2016-10-13 07:47:42 UTC"
},
{
"id": "241",
"name": "A",
"number": "1",
"description": "",
"book_id": "22",
"created_at": "2016-10-13 07:47:42 UTC",
"updated_at": "2016-10-13 07:47:42 UTC"
},
{
"id": "242",
"name": "B",
"number": "2",
"description": "",
"book_id": "22",
"created_at": "2016-10-13 07:47:42 UTC",
"updated_at": "2016-10-13 07:47:42 UTC"
},
{
"id": "243",
"name": "C",
"number": "3",
"description": "",
"book_id": "22",
"created_at": "2016-10-13 07:47:42 UTC",
"updated_at": "2016-10-13 07:47:42 UTC"
},
{
"id": "244",
"name": "D",
"number": "4",
"description": "",
"book_id": "22",
"created_at": "2016-10-13 07:47:43 UTC",
"updated_at": "2016-10-13 07:47:43 UTC"
},
{
"id": "245",
"name": "E",
"number": "5",
"description": "",
"book_id": "22",
"created_at": "2016-10-13 07:47:43 UTC",
"updated_at": "2016-10-13 07:47:43 UTC"
},
{
"id": "246",
"name": "F",
"number": "6",
"description": "",
"book_id": "22",
"created_at": "2016-10-13 07:47:43 UTC",
"updated_at": "2016-10-13 07:47:43 UTC"
},
{
"id": "247",
"name": "G",
"number": "7",
"description": "",
"book_id": "22",
"created_at": "2016-10-13 07:47:43 UTC",
"updated_at": "2016-10-13 07:47:43 UTC"
},
{
"id": "248",
"name": "H",
"number": "8",
"description": "",
"book_id": "22",
"created_at": "2016-10-13 07:47:43 UTC",
"updated_at": "2016-10-13 07:47:43 UTC"
},
{
"id": "249",
"name": "I",
"number": "9",
"description": "",
"book_id": "22",
"created_at": "2016-10-13 07:47:43 UTC",
"updated_at": "2016-10-13 07:47:43 UTC"
},
{
"id": "250",
"name": "J",
"number": "10",
"description": "",
"book_id": "22",
"created_at": "2016-10-13 07:47:43 UTC",
"updated_at": "2016-10-13 07:47:43 UTC"
},
{
"id": "251",
"name": "K",
"number": "11",
"description": "",
"book_id": "22",
"created_at": "2016-10-13 07:47:43 UTC",
"updated_at": "2016-10-13 07:47:43 UTC"
},
{
"id": "252",
"name": "L",
"number": "12",
"description": "",
"book_id": "22",
"created_at": "2016-10-13 07:47:43 UTC",
"updated_at": "2016-10-13 07:47:43 UTC"
},
{
"id": "253",
"name": "M",
"number": "13",
"description": "",
"book_id": "22",
"created_at": "2016-10-13 07:47:43 UTC",
"updated_at": "2016-10-13 07:47:43 UTC"
},
{
"id": "254",
"name": "N",
"number": "14",
"description": "",
"book_id": "22",
"created_at": "2016-10-13 07:47:43 UTC",
"updated_at": "2016-10-13 07:47:43 UTC"
},
{
"id": "255",
"name": "O",
"number": "15",
"description": "",
"book_id": "22",
"created_at": "2016-10-13 07:47:43 UTC",
"updated_at": "2016-10-13 07:47:43 UTC"
},
{
"id": "256",
"name": "P",
"number": "16",
"description": "",
"book_id": "22",
"created_at": "2016-10-13 07:47:43 UTC",
"updated_at": "2016-10-13 07:47:43 UTC"
},
{
"id": "257",
"name": "Q",
"number": "17",
"description": "",
"book_id": "22",
"created_at": "2016-10-13 07:47:43 UTC",
"updated_at": "2016-10-13 07:47:43 UTC"
},
{
"id": "258",
"name": "R",
"number": "18",
"description": "",
"book_id": "22",
"created_at": "2016-10-13 07:47:43 UTC",
"updated_at": "2016-10-13 07:47:43 UTC"
},
{
"id": "259",
"name": "S",
"number": "19",
"description": "",
"book_id": "22",
"created_at": "2016-10-13 07:47:43 UTC",
"updated_at": "2016-10-13 07:47:43 UTC"
},
{
"id": "260",
"name": "T",
"number": "20",
"description": "",
"book_id": "22",
"created_at": "2016-10-13 07:47:43 UTC",
"updated_at": "2016-10-13 07:47:43 UTC"
},
{
"id": "261",
"name": "U",
"number": "21",
"description": "",
"book_id": "22",
"created_at": "2016-10-13 07:47:43 UTC",
"updated_at": "2016-10-13 07:47:43 UTC"
},
{
"id": "262",
"name": "V",
"number": "22",
"description": "",
"book_id": "22",
"created_at": "2016-10-13 07:47:43 UTC",
"updated_at": "2016-10-13 07:47:43 UTC"
},
{
"id": "263",
"name": "W",
"number": "23",
"description": "",
"book_id": "22",
"created_at": "2016-10-13 07:47:43 UTC",
"updated_at": "2016-10-13 07:47:43 UTC"
},
{
"id": "264",
"name": "X",
"number": "24",
"description": "",
"book_id": "22",
"created_at": "2016-10-13 07:47:43 UTC",
"updated_at": "2016-10-13 07:47:43 UTC"
},
{
"id": "265",
"name": "Y",
"number": "25",
"description": "",
"book_id": "22",
"created_at": "2016-10-13 07:47:43 UTC",
"updated_at": "2016-10-13 07:47:43 UTC"
},
{
"id": "266",
"name": "Z",
"number": "26",
"description": "",
"book_id": "22",
"created_at": "2016-10-13 07:47:43 UTC",
"updated_at": "2016-10-13 07:47:43 UTC"
},
{
"id": "267",
"name": "",
"number": "A",
"description": "",
"book_id": "22",
"created_at": "2016-10-13 07:47:44 UTC",
"updated_at": "2016-10-13 07:47:44 UTC"
},
{
"id": "268",
"name": "",
"number": "B",
"description": "",
"book_id": "22",
"created_at": "2016-10-13 07:47:44 UTC",
"updated_at": "2016-10-13 07:47:44 UTC"
},
{
"id": "269",
"name": "",
"number": "C",
"description": "",
"book_id": "22",
"created_at": "2016-10-13 07:47:44 UTC",
"updated_at": "2016-10-13 07:47:44 UTC"
},
{
"id": "270",
"name": "",
"number": "D",
"description": "",
"book_id": "22",
"created_at": "2016-10-13 07:47:44 UTC",
"updated_at": "2016-10-13 07:47:44 UTC"
},
{
"id": "271",
"name": "",
"number": "E",
"description": "",
"book_id": "22",
"created_at": "2016-10-13 07:47:44 UTC",
"updated_at": "2016-10-13 07:47:44 UTC"
},
{
"id": "272",
"name": "Ai",
"number": "1",
"description": "",
"book_id": "23",
"created_at": "2016-10-13 07:47:44 UTC",
"updated_at": "2016-10-13 07:47:44 UTC"
},
{
"id": "273",
"name": "All",
"number": "2",
"description": "",
"book_id": "23",
"created_at": "2016-10-13 07:47:44 UTC",
"updated_at": "2016-10-13 07:47:44 UTC"
},
{
"id": "274",
"name": "Ar",
"number": "3",
"description": "",
"book_id": "23",
"created_at": "2016-10-13 07:47:44 UTC",
"updated_at": "2016-10-13 07:47:44 UTC"
},
{
"id": "275",
"name": "Bl",
"number": "4",
"description": "",
"book_id": "23",
"created_at": "2016-10-13 07:47:44 UTC",
"updated_at": "2016-10-13 07:47:44 UTC"
},
{
"id": "276",
"name": "Br",
"number": "5",
"description": "",
"book_id": "23",
"created_at": "2016-10-13 07:47:44 UTC",
"updated_at": "2016-10-13 07:47:44 UTC"
},
{
"id": "277",
"name": "",
"number": "A",
"description": "",
"book_id": "23",
"created_at": "2016-10-13 07:47:44 UTC",
"updated_at": "2016-10-13 07:47:44 UTC"
},
{
"id": "278",
"name": "Ch",
"number": "6",
"description": "",
"book_id": "23",
"created_at": "2016-10-13 07:47:44 UTC",
"updated_at": "2016-10-13 07:47:44 UTC"
},
{
"id": "279",
"name": "Cl",
"number": "7",
"description": "",
"book_id": "23",
"created_at": "2016-10-13 07:47:44 UTC",
"updated_at": "2016-10-13 07:47:44 UTC"
},
{
"id": "280",
"name": "Dr",
"number": "8",
"description": "",
"book_id": "23",
"created_at": "2016-10-13 07:47:44 UTC",
"updated_at": "2016-10-13 07:47:44 UTC"
},
{
"id": "281",
"name": "Ea",
"number": "9",
"description": "",
"book_id": "23",
"created_at": "2016-10-13 07:47:44 UTC",
"updated_at": "2016-10-13 07:47:44 UTC"
},
{
"id": "282",
"name": "Ee",
"number": "10",
"description": "",
"book_id": "23",
"created_at": "2016-10-13 07:47:44 UTC",
"updated_at": "2016-10-13 07:47:44 UTC"
},
{
"id": "283",
"name": "",
"number": "B",
"description": "",
"book_id": "23",
"created_at": "2016-10-13 07:47:44 UTC",
"updated_at": "2016-10-13 07:47:44 UTC"
},
{
"id": "284",
"name": "Fl",
"number": "11",
"description": "",
"book_id": "23",
"created_at": "2016-10-13 07:47:44 UTC",
"updated_at": "2016-10-13 07:47:44 UTC"
},
{
"id": "285",
"name": "Gr",
"number": "12",
"description": "",
"book_id": "23",
"created_at": "2016-10-13 07:47:44 UTC",
"updated_at": "2016-10-13 07:47:44 UTC"
},
{
"id": "286",
"name": "Ng",
"number": "13",
"description": "",
"book_id": "23",
"created_at": "2016-10-13 07:47:44 UTC",
"updated_at": "2016-10-13 07:47:44 UTC"
},
{
"id": "287",
"name": "Oo",
"number": "14",
"description": "",
"book_id": "23",
"created_at": "2016-10-13 07:47:44 UTC",
"updated_at": "2016-10-13 07:47:44 UTC"
},
{
"id": "288",
"name": "Ou",
"number": "15",
"description": "",
"book_id": "23",
"created_at": "2016-10-13 07:47:44 UTC",
"updated_at": "2016-10-13 07:47:44 UTC"
},
{
"id": "289",
"name": "",
"number": "C",
"description": "",
"book_id": "23",
"created_at": "2016-10-13 07:47:44 UTC",
"updated_at": "2016-10-13 07:47:44 UTC"
},
{
"id": "290",
"name": "Ow",
"number": "16",
"description": "",
"book_id": "23",
"created_at": "2016-10-13 07:47:44 UTC",
"updated_at": "2016-10-13 07:47:44 UTC"
},
{
"id": "291",
"name": "Oy",
"number": "17",
"description": "",
"book_id": "23",
"created_at": "2016-10-13 07:47:44 UTC",
"updated_at": "2016-10-13 07:47:44 UTC"
},
{
"id": "292",
"name": "Pl",
"number": "18",
"description": "",
"book_id": "23",
"created_at": "2016-10-13 07:47:44 UTC",
"updated_at": "2016-10-13 07:47:44 UTC"
},
{
"id": "293",
"name": "Pr",
"number": "19",
"description": "",
"book_id": "23",
"created_at": "2016-10-13 07:47:45 UTC",
"updated_at": "2016-10-13 07:47:45 UTC"
},
{
"id": "294",
"name": "Sk",
"number": "20",
"description": "",
"book_id": "23",
"created_at": "2016-10-13 07:47:45 UTC",
"updated_at": "2016-10-13 07:47:45 UTC"
},
{
"id": "295",
"name": "",
"number": "D",
"description": "",
"book_id": "23",
"created_at": "2016-10-13 07:47:45 UTC",
"updated_at": "2016-10-13 07:47:45 UTC"
},
{
"id": "296",
"name": "St",
"number": "21",
"description": "",
"book_id": "23",
"created_at": "2016-10-13 07:47:45 UTC",
"updated_at": "2016-10-13 07:47:45 UTC"
},
{
"id": "297",
"name": "Sw",
"number": "22",
"description": "",
"book_id": "23",
"created_at": "2016-10-13 07:47:45 UTC",
"updated_at": "2016-10-13 07:47:45 UTC"
},
{
"id": "298",
"name": "Th",
"number": "23",
"description": "",
"book_id": "23",
"created_at": "2016-10-13 07:47:45 UTC",
"updated_at": "2016-10-13 07:47:45 UTC"
},
{
"id": "299",
"name": "Tr",
"number": "24",
"description": "",
"book_id": "23",
"created_at": "2016-10-13 07:47:45 UTC",
"updated_at": "2016-10-13 07:47:45 UTC"
},
{
"id": "300",
"name": "Wh",
"number": "25",
"description": "",
"book_id": "23",
"created_at": "2016-10-13 07:47:45 UTC",
"updated_at": "2016-10-13 07:47:45 UTC"
},
{
"id": "301",
"name": "",
"number": "E",
"description": "",
"book_id": "23",
"created_at": "2016-10-13 07:47:45 UTC",
"updated_at": "2016-10-13 07:47:45 UTC"
},
{
"id": "302",
"name": "LOCAL ENVIRONMENT",
"number": "1",
"description": "",
"book_id": "24",
"created_at": "2016-10-13 07:47:45 UTC",
"updated_at": "2016-10-13 07:47:45 UTC"
},
{
"id": "303",
"name": "CITY LIFE",
"number": "2",
"description": "",
"book_id": "24",
"created_at": "2016-10-13 07:47:45 UTC",
"updated_at": "2016-10-13 07:47:45 UTC"
},
{
"id": "304",
"name": "TEEN STRESS AND PRESSURE",
"number": "3",
"description": "",
"book_id": "24",
"created_at": "2016-10-13 07:47:45 UTC",
"updated_at": "2016-10-13 07:47:45 UTC"
},
{
"id": "305",
"name": "LIFE IN THE PAST",
"number": "4",
"description": "",
"book_id": "24",
"created_at": "2016-10-13 07:47:45 UTC",
"updated_at": "2016-10-13 07:47:45 UTC"
},
{
"id": "306",
"name": "WONDERS OF VIET NAM",
"number": "5",
"description": "",
"book_id": "24",
"created_at": "2016-10-13 07:47:45 UTC",
"updated_at": "2016-10-13 07:47:45 UTC"
},
{
"id": "307",
"name": "VIET NAM: THEN AND NOW",
"number": "6",
"description": "",
"book_id": "24",
"created_at": "2016-10-13 07:47:45 UTC",
"updated_at": "2016-10-13 07:47:45 UTC"
},
{
"id": "308",
"name": "",
"number": "1",
"description": "",
"book_id": "24",
"created_at": "2016-10-13 07:47:45 UTC",
"updated_at": "2016-10-13 07:47:45 UTC"
},
{
"id": "309",
"name": "",
"number": "2",
"description": "",
"book_id": "24",
"created_at": "2016-10-13 07:47:45 UTC",
"updated_at": "2016-10-13 07:47:45 UTC"
},
{
"id": "310",
"name": "RECIPES AND EATING HABITS",
"number": "7",
"description": "",
"book_id": "25",
"created_at": "2016-10-13 07:47:46 UTC",
"updated_at": "2016-10-13 07:47:46 UTC"
},
{
"id": "311",
"name": "TOURISM",
"number": "8",
"description": "",
"book_id": "25",
"created_at": "2016-10-13 07:47:46 UTC",
"updated_at": "2016-10-13 07:47:46 UTC"
},
{
"id": "312",
"name": "ENGLISH IN THE WORLD",
"number": "9",
"description": "",
"book_id": "25",
"created_at": "2016-10-13 07:47:46 UTC",
"updated_at": "2016-10-13 07:47:46 UTC"
},
{
"id": "313",
"name": "SPACE TRAVEL",
"number": "10",
"description": "",
"book_id": "25",
"created_at": "2016-10-13 07:47:46 UTC",
"updated_at": "2016-10-13 07:47:46 UTC"
},
{
"id": "314",
"name": "CHANGING ROLES IN SOCIETY",
"number": "11",
"description": "",
"book_id": "25",
"created_at": "2016-10-13 07:47:46 UTC",
"updated_at": "2016-10-13 07:47:46 UTC"
},
{
"id": "315",
"name": "MY FUTURE CAREER",
"number": "12",
"description": "",
"book_id": "25",
"created_at": "2016-10-13 07:47:46 UTC",
"updated_at": "2016-10-13 07:47:46 UTC"
},
{
"id": "316",
"name": "",
"number": "3",
"description": "",
"book_id": "25",
"created_at": "2016-10-13 07:47:46 UTC",
"updated_at": "2016-10-13 07:47:46 UTC"
},
{
"id": "317",
"name": "",
"number": "4",
"description": "",
"book_id": "25",
"created_at": "2016-10-13 07:47:46 UTC",
"updated_at": "2016-10-13 07:47:46 UTC"
},
{
"id": "318",
"name": "LOCAL ENVIRONMENT",
"number": "1",
"description": "",
"book_id": "26",
"created_at": "2016-10-13 07:47:46 UTC",
"updated_at": "2016-10-13 07:47:46 UTC"
},
{
"id": "319",
"name": "CITY LIFE",
"number": "2",
"description": "",
"book_id": "26",
"created_at": "2016-10-13 07:47:46 UTC",
"updated_at": "2016-10-13 07:47:46 UTC"
},
{
"id": "320",
"name": "TEEN STRESS AND PRESSURE",
"number": "3",
"description": "",
"book_id": "26",
"created_at": "2016-10-13 07:47:46 UTC",
"updated_at": "2016-10-13 07:47:46 UTC"
},
{
"id": "321",
"name": "1",
"number": "YOURSELF",
"description": "",
"book_id": "26",
"created_at": "2016-10-13 07:47:46 UTC",
"updated_at": "2016-10-13 07:47:46 UTC"
},
{
"id": "322",
"name": "LIFE IN THE PAST",
"number": "4",
"description": "",
"book_id": "26",
"created_at": "2016-10-13 07:47:46 UTC",
"updated_at": "2016-10-13 07:47:46 UTC"
},
{
"id": "323",
"name": "WONDERS OF VIET NAM",
"number": "5",
"description": "",
"book_id": "26",
"created_at": "2016-10-13 07:47:46 UTC",
"updated_at": "2016-10-13 07:47:46 UTC"
},
{
"id": "324",
"name": "VIET NAM: THEN AND NOW",
"number": "6",
"description": "",
"book_id": "26",
"created_at": "2016-10-13 07:47:46 UTC",
"updated_at": "2016-10-13 07:47:46 UTC"
},
{
"id": "325",
"name": "2",
"number": "YOURSELF",
"description": "",
"book_id": "26",
"created_at": "2016-10-13 07:47:46 UTC",
"updated_at": "2016-10-13 07:47:46 UTC"
},
{
"id": "326",
"name": "RECIPES AND EATING HABITS",
"number": "7",
"description": "",
"book_id": "27",
"created_at": "2016-10-13 07:47:46 UTC",
"updated_at": "2016-10-13 07:47:46 UTC"
},
{
"id": "327",
"name": "TOURISM",
"number": "8",
"description": "",
"book_id": "27",
"created_at": "2016-10-13 07:47:46 UTC",
"updated_at": "2016-10-13 07:47:46 UTC"
},
{
"id": "328",
"name": "ENGLISH IN THE WORLD",
"number": "9",
"description": "",
"book_id": "27",
"created_at": "2016-10-13 07:47:46 UTC",
"updated_at": "2016-10-13 07:47:46 UTC"
},
{
"id": "329",
"name": "3",
"number": "YOURSELF",
"description": "",
"book_id": "27",
"created_at": "2016-10-13 07:47:46 UTC",
"updated_at": "2016-10-13 07:47:46 UTC"
},
{
"id": "330",
"name": "SPACE TRAVEL",
"number": "10",
"description": "",
"book_id": "27",
"created_at": "2016-10-13 07:47:46 UTC",
"updated_at": "2016-10-13 07:47:46 UTC"
},
{
"id": "331",
"name": "CHANGING ROLES IN SOCIETY",
"number": "11",
"description": "",
"book_id": "27",
"created_at": "2016-10-13 07:47:46 UTC",
"updated_at": "2016-10-13 07:47:46 UTC"
},
{
"id": "332",
"name": "MY FUTURE CAREER",
"number": "12",
"description": "",
"book_id": "27",
"created_at": "2016-10-13 07:47:46 UTC",
"updated_at": "2016-10-13 07:47:46 UTC"
},
{
"id": "333",
"name": "4",
"number": "YOURSELF",
"description": "",
"book_id": "27",
"created_at": "2016-10-13 07:47:47 UTC",
"updated_at": "2016-10-13 07:47:47 UTC"
},
{
"id": "334",
"name": "FAMILY LIFE",
"number": "1",
"description": "",
"book_id": "28",
"created_at": "2016-10-13 07:47:47 UTC",
"updated_at": "2016-10-13 07:47:47 UTC"
},
{
"id": "335",
"name": "YOUR BODY AND YOU",
"number": "2",
"description": "",
"book_id": "28",
"created_at": "2016-10-13 07:47:47 UTC",
"updated_at": "2016-10-13 07:47:47 UTC"
},
{
"id": "336",
"name": "MUSIC",
"number": "3",
"description": "",
"book_id": "28",
"created_at": "2016-10-13 07:47:47 UTC",
"updated_at": "2016-10-13 07:47:47 UTC"
},
{
"id": "337",
"name": "FOR A BETTER COMMUNITY",
"number": "4",
"description": "",
"book_id": "28",
"created_at": "2016-10-13 07:47:47 UTC",
"updated_at": "2016-10-13 07:47:47 UTC"
},
{
"id": "338",
"name": "INVENTIONS",
"number": "5",
"description": "",
"book_id": "28",
"created_at": "2016-10-13 07:47:47 UTC",
"updated_at": "2016-10-13 07:47:47 UTC"
},
{
"id": "339",
"name": "",
"number": "1",
"description": "",
"book_id": "28",
"created_at": "2016-10-13 07:47:47 UTC",
"updated_at": "2016-10-13 07:47:47 UTC"
},
{
"id": "340",
"name": "",
"number": "2",
"description": "",
"book_id": "28",
"created_at": "2016-10-13 07:47:47 UTC",
"updated_at": "2016-10-13 07:47:47 UTC"
},
{
"id": "341",
"name": "THE GENERATION GAP",
"number": "1",
"description": "",
"book_id": "29",
"created_at": "2016-10-13 07:47:47 UTC",
"updated_at": "2016-10-13 07:47:47 UTC"
},
{
"id": "342",
"name": "RELATIONSHIPS",
"number": "2",
"description": "",
"book_id": "29",
"created_at": "2016-10-13 07:47:47 UTC",
"updated_at": "2016-10-13 07:47:47 UTC"
},
{
"id": "343",
"name": "BECOMING INDEPENDENT",
"number": "3",
"description": "",
"book_id": "29",
"created_at": "2016-10-13 07:47:47 UTC",
"updated_at": "2016-10-13 07:47:47 UTC"
},
{
"id": "344",
"name": "CARING FOR THOSE IN NEED",
"number": "4",
"description": "",
"book_id": "29",
"created_at": "2016-10-13 07:47:47 UTC",
"updated_at": "2016-10-13 07:47:47 UTC"
},
{
"id": "345",
"name": "BEING PART OF ASEAN",
"number": "5",
"description": "",
"book_id": "29",
"created_at": "2016-10-13 07:47:47 UTC",
"updated_at": "2016-10-13 07:47:47 UTC"
},
{
"id": "346",
"name": "UNITS 1-2-3",
"number": "1",
"description": "",
"book_id": "29",
"created_at": "2016-10-13 07:47:47 UTC",
"updated_at": "2016-10-13 07:47:47 UTC"
},
{
"id": "347",
"name": "UNITS 4 - 5",
"number": "2",
"description": "",
"book_id": "29",
"created_at": "2016-10-13 07:47:47 UTC",
"updated_at": "2016-10-13 07:47:47 UTC"
},
{
"id": "348",
"name": "LIFE STORIES",
"number": "1",
"description": "",
"book_id": "30",
"created_at": "2016-10-13 07:47:47 UTC",
"updated_at": "2016-10-13 07:47:47 UTC"
},
{
"id": "349",
"name": "URBANISATION",
"number": "2",
"description": "",
"book_id": "30",
"created_at": "2016-10-13 07:47:47 UTC",
"updated_at": "2016-10-13 07:47:47 UTC"
},
{
"id": "350",
"name": "THE MASS MEDIA",
"number": "4",
"description": "",
"book_id": "30",
"created_at": "2016-10-13 07:47:47 UTC",
"updated_at": "2016-10-13 07:47:47 UTC"
},
{
"id": "351",
"name": "CULTURAL IDENTITY",
"number": "5",
"description": "",
"book_id": "30",
"created_at": "2016-10-13 07:47:47 UTC",
"updated_at": "2016-10-13 07:47:47 UTC"
},
{
"id": "352",
"name": "",
"number": "1",
"description": "",
"book_id": "30",
"created_at": "2016-10-13 07:47:47 UTC",
"updated_at": "2016-10-13 07:47:47 UTC"
},
{
"id": "353",
"name": "",
"number": "2",
"description": "",
"book_id": "30",
"created_at": "2016-10-13 07:47:47 UTC",
"updated_at": "2016-10-13 07:47:47 UTC"
},
{
"id": "354",
"name": "THE GREEN MOVEMENT",
"number": "3",
"description": "",
"book_id": "30",
"created_at": "2016-10-13 07:47:47 UTC",
"updated_at": "2016-10-13 07:47:47 UTC"
},
{
"id": "355",
"name": "FAMILY LIFE",
"number": "1",
"description": "",
"book_id": "31",
"created_at": "2016-10-13 07:47:47 UTC",
"updated_at": "2016-10-13 07:47:47 UTC"
},
{
"id": "356",
"name": "YOUR BODY AND YOU",
"number": "2",
"description": "",
"book_id": "31",
"created_at": "2016-10-13 07:47:47 UTC",
"updated_at": "2016-10-13 07:47:47 UTC"
},
{
"id": "357",
"name": "MUSIC",
"number": "3",
"description": "",
"book_id": "31",
"created_at": "2016-10-13 07:47:48 UTC",
"updated_at": "2016-10-13 07:47:48 UTC"
},
{
"id": "358",
"name": "1",
"number": "YOURSELF",
"description": "",
"book_id": "31",
"created_at": "2016-10-13 07:47:48 UTC",
"updated_at": "2016-10-13 07:47:48 UTC"
},
{
"id": "359",
"name": "FOR A BETTER COMMUNITY",
"number": "4",
"description": "",
"book_id": "31",
"created_at": "2016-10-13 07:47:48 UTC",
"updated_at": "2016-10-13 07:47:48 UTC"
},
{
"id": "360",
"name": "INVENTIONS",
"number": "5",
"description": "",
"book_id": "31",
"created_at": "2016-10-13 07:47:48 UTC",
"updated_at": "2016-10-13 07:47:48 UTC"
},
{
"id": "361",
"name": "2",
"number": "YOURSELF",
"description": "",
"book_id": "31",
"created_at": "2016-10-13 07:47:48 UTC",
"updated_at": "2016-10-13 07:47:48 UTC"
},
{
"id": "362",
"name": "GENERATION GAP",
"number": "1",
"description": "",
"book_id": "32",
"created_at": "2016-10-13 07:47:48 UTC",
"updated_at": "2016-10-13 07:47:48 UTC"
},
{
"id": "363",
"name": "RELATIONSHIPS",
"number": "2",
"description": "",
"book_id": "32",
"created_at": "2016-10-13 07:47:48 UTC",
"updated_at": "2016-10-13 07:47:48 UTC"
},
{
"id": "364",
"name": "BECOMING INDEPENDENT",
"number": "3",
"description": "",
"book_id": "32",
"created_at": "2016-10-13 07:47:48 UTC",
"updated_at": "2016-10-13 07:47:48 UTC"
},
{
"id": "365",
"name": "CARING FOR THOSE IN NEED",
"number": "4",
"description": "",
"book_id": "32",
"created_at": "2016-10-13 07:47:48 UTC",
"updated_at": "2016-10-13 07:47:48 UTC"
},
{
"id": "366",
"name": "BEING PART OF ASEAN",
"number": "5",
"description": "",
"book_id": "32",
"created_at": "2016-10-13 07:47:48 UTC",
"updated_at": "2016-10-13 07:47:48 UTC"
},
{
"id": "367",
"name": "LIFE STORIES",
"number": "1",
"description": "",
"book_id": "33",
"created_at": "2016-10-13 07:47:48 UTC",
"updated_at": "2016-10-13 07:47:48 UTC"
},
{
"id": "368",
"name": "URBANISATION",
"number": "2",
"description": "",
"book_id": "33",
"created_at": "2016-10-13 07:47:48 UTC",
"updated_at": "2016-10-13 07:47:48 UTC"
},
{
"id": "369",
"name": "THE GREEN MOVEMENT",
"number": "3",
"description": "",
"book_id": "33",
"created_at": "2016-10-13 07:47:48 UTC",
"updated_at": "2016-10-13 07:47:48 UTC"
},
{
"id": "370",
"name": "THE MASS MEDIA",
"number": "4",
"description": "",
"book_id": "33",
"created_at": "2016-10-13 07:47:48 UTC",
"updated_at": "2016-10-13 07:47:48 UTC"
},
{
"id": "371",
"name": "CULTURAL IDENTITY",
"number": "5",
"description": "",
"book_id": "33",
"created_at": "2016-10-13 07:47:48 UTC",
"updated_at": "2016-10-13 07:47:48 UTC"
},
{
"id": "372",
"name": "1",
"number": "YOURSELF",
"description": "",
"book_id": "33",
"created_at": "2016-10-13 07:47:48 UTC",
"updated_at": "2016-10-13 07:47:48 UTC"
},
{
"id": "373",
"name": "GENDER EQUALITY",
"number": "6",
"description": "",
"book_id": "34",
"created_at": "2016-10-13 07:47:48 UTC",
"updated_at": "2016-10-13 07:47:48 UTC"
},
{
"id": "374",
"name": "CULTURAL DIVERSITY",
"number": "7",
"description": "",
"book_id": "34",
"created_at": "2016-10-13 07:47:48 UTC",
"updated_at": "2016-10-13 07:47:48 UTC"
},
{
"id": "375",
"name": "NEW WAYS TO LEARN",
"number": "8",
"description": "",
"book_id": "34",
"created_at": "2016-10-13 07:47:48 UTC",
"updated_at": "2016-10-13 07:47:48 UTC"
},
{
"id": "376",
"name": "PRESERVING THE ENVIRONMENT",
"number": "9",
"description": "",
"book_id": "34",
"created_at": "2016-10-13 07:47:49 UTC",
"updated_at": "2016-10-13 07:47:49 UTC"
},
{
"id": "377",
"name": "ECOTOURISM",
"number": "10",
"description": "",
"book_id": "34",
"created_at": "2016-10-13 07:47:49 UTC",
"updated_at": "2016-10-13 07:47:49 UTC"
},
{
"id": "378",
"name": "UNITS 6-7-8",
"number": "3",
"description": "",
"book_id": "34",
"created_at": "2016-10-13 07:47:49 UTC",
"updated_at": "2016-10-13 07:47:49 UTC"
},
{
"id": "379",
"name": "UNITS 9-10",
"number": "4",
"description": "",
"book_id": "34",
"created_at": "2016-10-13 07:47:49 UTC",
"updated_at": "2016-10-13 07:47:49 UTC"
},
{
"id": "380",
"name": "GLOBAL WARMING",
"number": "6",
"description": "",
"book_id": "35",
"created_at": "2016-10-13 07:47:49 UTC",
"updated_at": "2016-10-13 07:47:49 UTC"
},
{
"id": "381",
"name": "FURTHER EDUCATION",
"number": "7",
"description": "",
"book_id": "35",
"created_at": "2016-10-13 07:47:49 UTC",
"updated_at": "2016-10-13 07:47:49 UTC"
},
{
"id": "382",
"name": "OUR WORLD HERITAGE SITES",
"number": "8",
"description": "",
"book_id": "35",
"created_at": "2016-10-13 07:47:49 UTC",
"updated_at": "2016-10-13 07:47:49 UTC"
},
{
"id": "383",
"name": "Units 6-7-8",
"number": "3",
"description": "",
"book_id": "35",
"created_at": "2016-10-13 07:47:49 UTC",
"updated_at": "2016-10-13 07:47:49 UTC"
},
{
"id": "384",
"name": "CITIES OF THE FUTURE",
"number": "9",
"description": "",
"book_id": "35",
"created_at": "2016-10-13 07:47:49 UTC",
"updated_at": "2016-10-13 07:47:49 UTC"
},
{
"id": "385",
"name": "HEALTHY LIFESTYLE AND LONGEVITY",
"number": "10",
"description": "",
"book_id": "35",
"created_at": "2016-10-13 07:47:49 UTC",
"updated_at": "2016-10-13 07:47:49 UTC"
},
{
"id": "386",
"name": "Units 9-10",
"number": "4",
"description": "",
"book_id": "35",
"created_at": "2016-10-13 07:47:49 UTC",
"updated_at": "2016-10-13 07:47:49 UTC"
},
{
"id": "387",
"name": "UNITS 6-7-8",
"number": "3",
"description": "",
"book_id": "35",
"created_at": "2016-10-13 07:47:49 UTC",
"updated_at": "2016-10-13 07:47:49 UTC"
},
{
"id": "388",
"name": "ENDANGERED SPECIES",
"number": "6",
"description": "",
"book_id": "36",
"created_at": "2016-10-13 07:47:49 UTC",
"updated_at": "2016-10-13 07:47:49 UTC"
},
{
"id": "389",
"name": "ARTIFICIAL INTELLIGENCE",
"number": "7",
"description": "",
"book_id": "36",
"created_at": "2016-10-13 07:47:49 UTC",
"updated_at": "2016-10-13 07:47:49 UTC"
},
{
"id": "390",
"name": "THE WORLD OF THE WORK",
"number": "8",
"description": "",
"book_id": "36",
"created_at": "2016-10-13 07:47:49 UTC",
"updated_at": "2016-10-13 07:47:49 UTC"
},
{
"id": "391",
"name": "CHOOSING A CAREER",
"number": "9",
"description": "",
"book_id": "36",
"created_at": "2016-10-13 07:47:49 UTC",
"updated_at": "2016-10-13 07:47:49 UTC"
},
{
"id": "392",
"name": "LIFELONG LEARNING",
"number": "10",
"description": "",
"book_id": "36",
"created_at": "2016-10-13 07:47:49 UTC",
"updated_at": "2016-10-13 07:47:49 UTC"
},
{
"id": "393",
"name": "GLOBAL WARMING",
"number": "6",
"description": "",
"book_id": "38",
"created_at": "2016-10-13 07:47:49 UTC",
"updated_at": "2016-10-13 07:47:49 UTC"
}
]
